Year,Country,Rank,Global Score
2024,Norway,1,91.89
2024,Denmark,2,89.6
2024,Sweden,3,88.32
2024,Netherlands,4,87.73
2024,Finland,5,86.55
2024,Estonia,6,86.44
2024,Portugal,7,85.9
2024,Ireland,8,85.59
2024,Switzerland,9,84.01
2024,Germany,10,83.84
2024,Luxembourg,11,83.8
2024,Latvia,12,82.9
2024,Lithuania,13,81.73
2024,Canada,14,81.7
2024,Liechtenstein,15,81.52
2024,Belgium,16,81.49
2024,Czechia,17,80.14
2024,Iceland,18,80.13
2024,New Zealand,19,79.72
2024,Timor-Leste,20,78.92
2024,France,21,78.65
2024,Samoa,22,78.41
2024,United Kingdom,23,77.51
2024,Jamaica,24,77.3
2024,Trinidad and Tobago,25,76.69
2024,Costa Rica,26,76.13
2024,Taiwan,27,76.13
2024,Suriname,28,76.11
2024,Slovakia,29,76.03
2024,Spain,30,76.01
2024,Moldova,31,74.86
2024,Austria,32,74.69
2024,Mauritania,33,74.2
2024,Namibia,34,74.16
2024,Dominican Republic,35,73.89
2024,North Macedonia,36,73.78
2024,Seychelles,37,73.75
2024,South Africa,38,73.73
2024,Australia,39,73.42
2024,Montenegro,40,73.21
2024,Cabo Verde,41,72.77
2024,Slovenia,42,72.6
2024,Armenia,43,71.6
2024,Fiji,44,71.23
2024,Tonga,45,70.11
2024,Italy,46,69.8
2024,Poland,47,69.17
2024,Croatia,48,68.79
2024,Romania,49,68.45
2024,Ghana,50,67.71
2024,Uruguay,51,67.7
2024,Chile,52,67.32
2024,Ivory Coast,53,66.89
2024,Belize,54,66.85
2024,United States,55,66.59
2024,Gabon,56,65.83
2024,Mauritius,57,65.55
2024,Gambia,58,65.53
2024,Bulgaria,59,65.32
2024,Liberia,60,65.13
2024,Ukraine,61,65
2024,South Korea,62,64.87
2024,Malawi,63,64.46
2024,Sierra Leone,64,64.27
2024,Cyprus,65,63.14
2024,Argentina,66,63.13
2024,Hungary,67,62.98
2024,OECS,68,62.83
2024,Congo-Brazzaville,69,62.57
2024,Japan,70,62.12
2024,Comoros,71,61.47
2024,Andorra,72,61.44
2024,Malta,73,60.96
2024,Nepal,74,60.52
2024,Kosovo,75,60.19
2024,Central African Republic,76,60.12
2024,Guyana,77,60.1
2024,Guinea,78,59.97
2024,Botswana,79,59.78
2024,Niger,80,59.71
2024,Bosnia-Herzegovina,81,58.85
2024,Brazil,82,58.59
2024,Panama,83,58.55
2024,Qatar,84,58.48
2024,Eswatini,85,58.31
2024,Burkina Faso,86,58.24
2024,Thailand,87,58.12
2024,Greece,88,57.15
2024,Benin,89,56.73
2024,Northern Cyprus,90,56.72
2024,Papua New Guinea,91,56.02
2024,Guinea Bissau,92,55.95
2024,Haiti,93,55.92
2024,Senegal,94,55.44
2024,Zambia,95,55.38
2024,Chad,96,54.81
2024,Tanzania,97,54.8
2024,Serbia,98,54.48
2024,Albania,99,54.1
2024,Madagascar,100,54.07
2024,Israel,101,53.23
2024,Kenya,102,53.22
2024,Georgia,103,53.05
2024,Angola,104,52.44
2024,Mozambique,105,52.42
2024,Maldives,106,52.36
2024,Malaysia,107,52.07
2024,Burundi,108,51.78
2024,Mongolia,109,51.34
2024,Ecuador,110,51.3
2024,Indonesia,111,51.15
2024,Nigeria,112,51.03
2024,Togo,113,50.89
2024,Mali,114,50.56
2024,Paraguay,115,50.48
2024,Zimbabwe,116,50.31
2024,Brunei,117,50.09
2024,Tunisia,118,49.97
2024,Colombia,119,49.63
2024,Kyrgyzstan,120,49.11
2024,Mexico,121,49.01
2024,Lesotho,122,48.92
2024,Democratic Republic of Congo,123,48.91
2024,Bolivia,124,48.88
2024,Peru,125,47.76
2024,Singapore,126,47.19
2024,Equatorial Guinea,127,46.49
2024,Uganda,128,46
2024,Morocco / Western Sahara,129,45.97
2024,Cameroon,130,44.95
2024,Kuwait,131,44.66
2024,Jordan,132,44.3
2024,El Salvador,133,44.01
2024,Philippines,134,43.36
2024,Hong Kong,135,43.06
2024,South Sudan,136,42.57
2024,Oman,137,42.52
2024,Guatemala,138,42.28
2024,Algeria,139,41.98
2024,Lebanon,140,41.91
2024,Ethiopia,141,41.37
2024,Kazakhstan,142,41.11
2024,Libya,143,40.59
2024,Rwanda,144,40.54
2024,Somalia,145,39.4
2024,Honduras,146,38.18
2024,Bhutan,147,37.29
2024,Uzbekistan,148,37.27
2024,Sudan,149,35.73
2024,Sri Lanka,150,35.21
2024,Cambodia,151,34.28
2024,Pakistan,152,33.9
2024,Laos,153,33.76
2024,Yemen,154,33.67
2024,Tajikistan,155,33.31
2024,Venezuela,156,33.06
2024,Palestine,157,31.92
2024,Türkiye,158,31.6
2024,India,159,31.28
2024,United Arab Emirates,160,30.62
2024,Djibouti,161,30.14
2024,Russia,162,29.86
2024,Nicaragua,163,29.2
2024,Azerbaijan,164,27.99
2024,Bangladesh,165,27.64
2024,Saudi Arabia,166,27.14
2024,Belarus,167,26.8
2024,Cuba,168,25.63
2024,Iraq,169,25.48
2024,Egypt,170,25.1
2024,Myanmar,171,24.41
2024,China,172,23.36
2024,Bahrain,173,23.21
2024,Vietnam,174,22.31
2024,Turkmenistan,175,22.01
2024,Iran,176,21.3
2024,North Korea,177,20.66
2024,Afghanistan,178,19.09
2024,Syria,179,17.41
2024,Eritrea,180,16.64
2023,Norway,1,95.18
2023,Ireland,2,89.91
2023,Denmark,3,89.48
2023,Sweden,4,88.15
2023,Finland,5,87.94
2023,Netherlands,6,87
2023,Lithuania,7,86.79
2023,Estonia,8,85.31
2023,Portugal,9,84.6
2023,Timor-Leste,10,84.49
2023,Liechtenstein,11,84.47
2023,Switzerland,12,84.4
2023,New Zealand,13,84.23
2023,Czechia,14,83.58
2023,Canada,15,83.53
2023,Latvia,16,83.27
2023,Slovakia,17,83.22
2023,Iceland,18,83.19
2023,Samoa,19,82.15
2023,Luxembourg,20,81.98
2023,Germany,21,81.91
2023,Namibia,22,80.91
2023,Costa Rica,23,80.2
2023,France,24,78.72
2023,South Africa,25,78.6
2023,United Kingdom,26,78.51
2023,Australia,27,78.24
2023,Moldova,28,77.62
2023,Austria,29,77.3
2023,Trinidad and Tobago,30,76.54
2023,Belgium,31,76.47
2023,Jamaica,32,75.89
2023,Cabo Verde,33,75.72
2023,Seychelles,34,75.71
2023,Taiwan,35,75.54
2023,Spain,36,75.37
2023,Andorra,37,75.05
2023,North Macedonia,38,74.35
2023,Montenegro,39,74.28
2023,Argentina,40,73.36
2023,Italy,41,72.05
2023,Croatia,42,71.95
2023,Dominican Republic,43,71.88
2023,Tonga,44,71.29
2023,United States,45,71.22
2023,Gambia,46,71.06
2023,South Korea,47,70.83
2023,Suriname,48,70.62
2023,Armenia,49,70.61
2023,Slovenia,50,70.59
2023,Belize,51,70.49
2023,Uruguay,52,70.33
2023,Romania,53,69.04
2023,Ivory Coast,54,68.83
2023,Cyprus,55,68.62
2023,Kosovo,56,68.38
2023,Poland,57,67.66
2023,Burkina Faso,58,67.64
2023,Papua New Guinea,59,67.62
2023,Guyana,60,67.5
2023,Niger,61,66.84
2023,Ghana,62,65.93
2023,Mauritius,63,65.56
2023,Bosnia-Herzegovina,64,65.43
2023,Botswana,65,64.61
2023,Liberia,66,64.34
2023,Lesotho,67,64.29
2023,Japan,68,63.95
2023,Panama,69,63.67
2023,Togo,70,63.06
2023,Bulgaria,71,62.98
2023,Hungary,72,62.96
2023,Malaysia,73,62.83
2023,Sierra Leone,74,62.55
2023,Comoros,75,62.25
2023,Northern Cyprus,76,61.73
2023,Georgia,77,61.69
2023,Guinea Bissau,78,61.57
2023,Ukraine,79,61.19
2023,Ecuador,80,60.51
2023,Congo-Brazzaville,81,60.42
2023,Malawi,82,60.34
2023,Chile,83,60.09
2023,Malta,84,59.76
2023,Guinea,85,59.51
2023,Mauritania,86,59.45
2023,Zambia,87,59.41
2023,Mongolia,88,59.33
2023,Fiji,89,59.27
2023,Bhutan,90,59.25
2023,Serbia,91,59.16
2023,Brazil,92,58.67
2023,OECS,93,58.36
2023,Gabon,94,58.12
2023,Nepal,95,57.89
2023,Albania,96,57.86
2023,Israel,97,57.57
2023,Central African Republic,98,57.56
2023,Haiti,99,57.38
2023,Maldives,100,56.93
2023,Madagascar,101,56.66
2023,Mozambique,102,56.13
2023,Paraguay,103,55.96
2023,Senegal,104,55.82
2023,Qatar,105,55.28
2023,Thailand,106,55.24
2023,Greece,107,55.2
2023,Indonesia,108,54.83
2023,Chad,109,53.73
2023,Peru,110,52.74
2023,Eswatini,111,52.66
2023,Benin,112,52.44
2023,Mali,113,52.29
2023,Burundi,114,52.14
2023,El Salvador,115,51.36
2023,Kenya,116,51.15
2023,Bolivia,117,51.09
2023,South Sudan,118,50.62
2023,Lebanon,119,50.46
2023,Equatorial Guinea,120,50.35
2023,Tunisia,121,50.11
2023,Kyrgyzstan,122,49.91
2023,Nigeria,123,49.56
2023,Democratic Republic of Congo,124,48.55
2023,Angola,125,48.3
2023,Zimbabwe,126,48.17
2023,Guatemala,127,48.12
2023,Mexico,128,47.98
2023,Singapore,129,47.88
2023,Ethiopia,130,47.7
2023,Rwanda,131,46.58
2023,Philippines,132,46.21
2023,Uganda,133,46.08
2023,Kazakhstan,134,45.87
2023,Sri Lanka,135,45.85
2023,Algeria,136,45.74
2023,Uzbekistan,137,45.73
2023,Cameroon,138,45.58
2023,Colombia,139,45.23
2023,Hong Kong,140,44.86
2023,Somalia,141,44.24
2023,Brunei,142,44.2
2023,Tanzania,143,44.02
2023,Morocco / Western Sahara,144,43.69
2023,United Arab Emirates,145,42.99
2023,Jordan,146,42.79
2023,Cambodia,147,42.02
2023,Sudan,148,40.83
2023,Libya,149,40.22
2023,Pakistan,150,39.95
2023,Azerbaijan,151,39.93
2023,Afghanistan,152,39.75
2023,Tajikistan,153,39.06
2023,Kuwait,154,38.84
2023,Oman,155,37.87
2023,Palestine,156,37.86
2023,Belarus,157,37.17
2023,Nicaragua,158,37.09
2023,Venezuela,159,36.99
2023,Laos,160,36.66
2023,India,161,36.62
2023,Djibouti,162,35.87
2023,Bangladesh,163,35.31
2023,Russia,164,34.77
2023,Türkiye,165,33.97
2023,Egypt,166,33.37
2023,Iraq,167,32.94
2023,Yemen,168,32.78
2023,Honduras,169,32.65
2023,Saudi Arabia,170,32.43
2023,Bahrain,171,30.59
2023,Cuba,172,29
2023,Myanmar,173,28.26
2023,Eritrea,174,27.86
2023,Syria,175,27.22
2023,Turkmenistan,176,25.82
2023,Iran,177,24.81
2023,Vietnam,178,24.58
2023,China,179,22.97
2023,North Korea,180,21.72
2022,Norway,1,92.65
2022,Denmark,2,90.27
2022,Sweden,3,88.84
2022,Estonia,4,88.83
2022,Finland,5,88.42
2022,Ireland,6,88.3
2022,Portugal,7,87.07
2022,Costa Rica,8,85.92
2022,Lithuania,9,84.14
2022,Liechtenstein,10,84.03
2022,New Zealand,11,83.54
2022,Jamaica,12,83.35
2022,Seychelles,13,83.33
2022,Switzerland,14,82.72
2022,Iceland,15,82.69
2022,Germany,16,82.04
2022,Timor-Leste,17,81.89
2022,Namibia,18,81.84
2022,Canada,19,81.74
2022,Czechia,20,80.54
2022,Luxembourg,21,79.81
2022,Latvia,22,79.17
2022,Belgium,23,78.86
2022,United Kingdom,24,78.71
2022,Trinidad and Tobago,25,78.68
2022,France,26,78.53
2022,Slovakia,27,78.37
2022,Netherlands,28,77.93
2022,Argentina,29,77.28
2022,Dominican Republic,30,76.9
2022,Austria,31,76.74
2022,Spain,32,76.71
2022,Bhutan,33,76.46
2022,Guyana,34,76.41
2022,South Africa,35,75.56
2022,Cabo Verde,36,75.37
2022,Ivory Coast,37,74.46
2022,Taiwan,38,74.08
2022,Australia,39,73.77
2022,Moldova,40,73.47
2022,Burkina Faso,41,73.12
2022,United States,42,72.74
2022,South Korea,43,72.11
2022,Uruguay,44,72.03
2022,Samoa,45,71.39
2022,Sierra Leone,46,71.03
2022,Belize,47,70.67
2022,Croatia,48,70.42
2022,Tonga,49,69.74
2022,Gambia,50,69.25
2022,Armenia,51,68.97
2022,Suriname,52,68.95
2022,Andorra,53,68.79
2022,Slovenia,54,68.54
2022,OECS,55,68.49
2022,Romania,56,68.46
2022,North Macedonia,57,68.44
2022,Italy,58,68.16
2022,Niger,59,67.8
2022,Ghana,60,67.43
2022,Kosovo,61,67
2022,Papua New Guinea,62,66.66
2022,Montenegro,63,66.54
2022,Mauritius,64,66.07
2022,Cyprus,65,65.97
2022,Poland,66,65.64
2022,Bosnia-Herzegovina,67,65.64
2022,Ecuador,68,64.61
2022,Kenya,69,64.59
2022,Haiti,70,64.55
2022,Japan,71,64.37
2022,Kyrgyzstan,72,64.25
2022,Senegal,73,63.07
2022,Panama,74,62.78
2022,Liberia,75,62.77
2022,Nepal,76,62.67
2022,Peru,77,61.75
2022,Malta,78,61.55
2022,Serbia,79,61.51
2022,Malawi,80,61.4
2022,Northern Cyprus,81,61.08
2022,Chile,82,60.61
2022,Comoros,83,60.16
2022,Guinea,84,59.82
2022,Hungary,85,59.8
2022,Israel,86,59.62
2022,Maldives,87,59.55
2022,Lesotho,88,59.39
2022,Georgia,89,59.3
2022,Mongolia,90,59.17
2022,Bulgaria,91,59.12
2022,Guinea Bissau,92,58.79
2022,Congo-Brazzaville,93,58.64
2022,Tunisia,94,58.49
2022,Botswana,95,58.49
2022,Paraguay,96,58.36
2022,Mauritania,97,58.1
2022,Madagascar,98,58.02
2022,Angola,99,57.17
2022,Togo,100,57.17
2022,Central African Republic,101,56.96
2022,Fiji,102,56.91
2022,Albania,103,56.41
2022,Chad,104,56.18
2022,Gabon,105,56
2022,Ukraine,106,55.76
2022,Burundi,107,55.74
2022,Greece,108,55.52
2022,Zambia,109,55.4
2022,Brazil,110,55.36
2022,Mali,111,54.48
2022,El Salvador,112,54.09
2022,Malaysia,113,51.55
2022,Ethiopia,114,50.53
2022,Thailand,115,50.15
2022,Mozambique,116,49.89
2022,Indonesia,117,49.27
2022,Cameroon,118,49.1
2022,Qatar,119,49.03
2022,Jordan,120,48.66
2022,Benin,121,48.39
2022,Kazakhstan,122,48.28
2022,Tanzania,123,48.28
2022,Guatemala,124,47.94
2022,Democratic Republic of Congo,125,47.66
2022,Bolivia,126,47.58
2022,Mexico,127,47.57
2022,South Sudan,128,47.06
2022,Nigeria,129,46.79
2022,Lebanon,130,46.58
2022,Eswatini,131,46.42
2022,Uganda,132,46.35
2022,Uzbekistan,133,45.74
2022,Algeria,134,45.53
2022,Morocco / Western Sahara,135,45.42
2022,Rwanda,136,45.18
2022,Zimbabwe,137,44.94
2022,United Arab Emirates,138,44.46
2022,Singapore,139,44.23
2022,Somalia,140,44.01
2022,Equatorial Guinea,141,43.96
2022,Cambodia,142,43.48
2022,Libya,143,43.16
2022,Brunei,144,42.53
2022,Colombia,145,42.43
2022,Sri Lanka,146,42.13
2022,Philippines,147,41.84
2022,Hong Kong,148,41.64
2022,Türkiye,149,41.25
2022,India,150,41
2022,Sudan,151,40.96
2022,Tajikistan,152,40.26
2022,Belarus,153,39.62
2022,Azerbaijan,154,39.4
2022,Russia,155,38.82
2022,Afghanistan,156,38.27
2022,Pakistan,157,37.99
2022,Kuwait,158,37.87
2022,Venezuela,159,37.78
2022,Nicaragua,160,37.09
2022,Laos,161,36.64
2022,Bangladesh,162,36.63
2022,Oman,163,35.99
2022,Djibouti,164,35.75
2022,Honduras,165,34.61
2022,Saudi Arabia,166,33.71
2022,Bahrain,167,30.97
2022,Egypt,168,30.23
2022,Yemen,169,29.14
2022,Palestine,170,28.98
2022,Syria,171,28.94
2022,Iraq,172,28.59
2022,Cuba,173,27.32
2022,Vietnam,174,26.11
2022,China,175,25.17
2022,Myanmar,176,25.03
2022,Turkmenistan,177,25.01
2022,Iran,178,23.22
2022,Eritrea,179,19.62
2022,North Korea,180,13.92
2021,Norway,1,93.28
2021,Finland,2,93.01
2021,Sweden,3,92.76
2021,Denmark,4,91.43
2021,Costa Rica,5,91.24
2021,Netherlands,6,90.33
2021,Jamaica,7,90.04
2021,New Zealand,8,89.96
2021,Portugal,9,89.89
2021,Switzerland,10,89.45
2021,Belgium,11,88.31
2021,Ireland,12,88.09
2021,Germany,13,84.76
2021,Canada,14,84.75
2021,Estonia,15,84.75
2021,Iceland,16,84.63
2021,Austria,17,83.66
2021,Uruguay,18,83.62
2021,Suriname,19,83.05
2021,Luxembourg,20,82.44
2021,Samoa,21,80.76
2021,Latvia,22,80.74
2021,Liechtenstein,23,80.51
2021,Namibia,24,80.28
2021,Australia,25,80.21
2021,Cyprus,26,80.15
2021,Cabo Verde,27,79.91
2021,Lithuania,28,79.85
2021,Spain,29,79.56
2021,Ghana,30,78.67
2021,Trinidad and Tobago,31,78.45
2021,South Africa,32,78.41
2021,United Kingdom,33,78.41
2021,France,34,77.4
2021,Slovakia,35,76.98
2021,Slovenia,36,76.9
2021,Burkina Faso,37,76.83
2021,Botswana,38,76.75
2021,Andorra,39,76.68
2021,Czechia,40,76.62
2021,Italy,41,76.61
2021,South Korea,42,76.57
2021,Taiwan,43,76.14
2021,United States,44,76.07
2021,OECS,45,76.02
2021,Tonga,46,75.41
2021,Papua New Guinea,47,75.12
2021,Romania,48,75.09
2021,Senegal,49,74.78
2021,Dominican Republic,50,74.4
2021,Guyana,51,74.39
2021,Seychelles,52,74.34
2021,Belize,53,72.39
2021,Chile,54,72.11
2021,Fiji,55,72.08
2021,Croatia,56,72.05
2021,Madagascar,57,71.76
2021,Bosnia-Herzegovina,58,71.66
2021,Niger,59,71.56
2021,Georgia,60,71.36
2021,Mauritius,61,71.26
2021,Malawi,62,71.2
2021,Armenia,63,71.17
2021,Poland,64,71.16
2021,Bhutan,65,71.14
2021,Ivory Coast,66,71.13
2021,Japan,67,71.12
2021,Mongolia,68,71.03
2021,Argentina,69,71.01
2021,Greece,70,70.99
2021,Timor-Leste,71,70.89
2021,Maldives,72,70.87
2021,Tunisia,73,70.47
2021,Togo,74,70.41
2021,Sierra Leone,75,70.39
2021,Northern Cyprus,76,70.18
2021,Panama,77,70.06
2021,Kosovo,78,69.68
2021,Kyrgyzstan,79,69.63
2021,Hong Kong,80,69.56
2021,Malta,81,69.54
2021,El Salvador,82,69.51
2021,Albania,83,69.41
2021,Comoros,84,69.35
2021,Gambia,85,69.24
2021,Israel,86,69.1
2021,Haiti,87,68.88
2021,Lesotho,88,68.39
2021,Moldova,89,68.39
2021,North Macedonia,90,68.33
2021,Peru,91,68.29
2021,Hungary,92,68.24
2021,Serbia,93,67.97
2021,Mauritania,94,67.75
2021,Guinea Bissau,95,67.32
2021,Ecuador,96,67.17
2021,Ukraine,97,67.04
2021,Liberia,98,66.64
2021,Mali,99,66.5
2021,Paraguay,100,66.48
2021,Ethiopia,101,66.37
2021,Kenya,102,66.35
2021,Angola,103,65.94
2021,Montenegro,104,65.67
2021,Kuwait,105,65.64
2021,Nepal,106,65.38
2021,Lebanon,107,65.07
2021,Mozambique,108,64.61
2021,Guinea,109,64.58
2021,Bolivia,110,64.53
2021,Brazil,111,63.75
2021,Bulgaria,112,62.71
2021,Indonesia,113,62.6
2021,Benin,114,61.82
2021,Zambia,115,61.79
2021,Guatemala,116,61.55
2021,Gabon,117,61.4
2021,Congo-Brazzaville,118,61.17
2021,Malaysia,119,60.53
2021,Nigeria,120,60.31
2021,Nicaragua,121,60.02
2021,Afghanistan,122,59.81
2021,Chad,123,59.8
2021,Tanzania,124,59.31
2021,Uganda,125,58.81
2021,Central African Republic,126,58.08
2021,Sri Lanka,127,57.8
2021,Qatar,128,57.4
2021,Jordan,129,57.11
2021,Zimbabwe,130,56.88
2021,United Arab Emirates,131,56.87
2021,Palestine,132,56.82
2021,Oman,133,56.63
2021,Colombia,134,56.26
2021,Cameroon,135,56.22
2021,Morocco / Western Sahara,136,56.06
2021,Thailand,137,54.78
2021,Philippines,138,54.36
2021,South Sudan,139,54.22
2021,Myanmar,140,53.86
2021,Eswatini,141,53.66
2021,India,142,53.44
2021,Mexico,143,53.29
2021,Cambodia,144,53.16
2021,Pakistan,145,53.14
2021,Algeria,146,52.74
2021,Burundi,147,52.43
2021,Venezuela,148,52.4
2021,Democratic Republic of Congo,149,51.41
2021,Russia,150,51.29
2021,Honduras,151,50.65
2021,Bangladesh,152,50.29
2021,Türkiye,153,50.21
2021,Brunei,154,50.09
2021,Kazakhstan,155,49.72
2021,Rwanda,156,49.34
2021,Uzbekistan,157,49.26
2021,Belarus,158,49.18
2021,Sudan,159,47.07
2021,Singapore,160,44.8
2021,Somalia,161,44.53
2021,Tajikistan,162,44.48
2021,Iraq,163,44.43
2021,Equatorial Guinea,164,44.33
2021,Libya,165,44.27
2021,Egypt,166,43.83
2021,Azerbaijan,167,41.23
2021,Bahrain,168,38.9
2021,Yemen,169,37.65
2021,Saudi Arabia,170,37.27
2021,Cuba,171,36.06
2021,Laos,172,29.44
2021,Syria,173,29.37
2021,Iran,174,27.3
2021,Vietnam,175,21.54
2021,Djibouti,176,21.38
2021,China,177,21.28
2021,Turkmenistan,178,19.97
2021,North Korea,179,18.72
2021,Eritrea,180,18.55
2020,Norway,1,92.16
2020,Finland,2,92.07
2020,Denmark,3,91.87
2020,Sweden,4,90.75
2020,Netherlands,5,90.04
2020,Jamaica,6,89.49
2020,Costa Rica,7,89.47
2020,Switzerland,8,89.38
2020,New Zealand,9,89.31
2020,Portugal,10,88.17
2020,Germany,11,87.84
2020,Belgium,12,87.43
2020,Ireland,13,87.4
2020,Estonia,14,87.39
2020,Iceland,15,84.88
2020,Canada,16,84.71
2020,Luxembourg,17,84.54
2020,Austria,18,84.22
2020,Uruguay,19,84.21
2020,Suriname,20,82.5
2020,Samoa,21,81.75
2020,Latvia,22,81.44
2020,Namibia,23,80.75
2020,Liechtenstein,24,80.48
2020,Cabo Verde,25,79.85
2020,Australia,26,79.79
2020,Cyprus,27,79.55
2020,Lithuania,28,78.81
2020,Spain,29,77.84
2020,Ghana,30,77.74
2020,South Africa,31,77.59
2020,Slovenia,32,77.36
2020,Slovakia,33,77.33
2020,France,34,77.08
2020,United Kingdom,35,77.07
2020,Trinidad and Tobago,36,76.78
2020,Andorra,37,76.77
2020,Burkina Faso,38,76.53
2020,Botswana,39,76.44
2020,Czechia,40,76.43
2020,Italy,41,76.31
2020,South Korea,42,76.3
2020,Taiwan,43,76.24
2020,OECS,44,76.22
2020,United States,45,76.15
2020,Papua New Guinea,46,76.07
2020,Senegal,47,76.01
2020,Romania,48,74.09
2020,Guyana,49,73.37
2020,Tonga,50,72.73
2020,Chile,51,72.69
2020,Fiji,52,72.59
2020,Belize,53,72.5
2020,Madagascar,54,72.32
2020,Dominican Republic,55,72.1
2020,Mauritius,56,72
2020,Niger,57,71.75
2020,Bosnia-Herzegovina,58,71.49
2020,Croatia,59,71.49
2020,Georgia,60,71.41
2020,Armenia,61,71.4
2020,Poland,62,71.35
2020,Seychelles,63,71.34
2020,Argentina,64,71.22
2020,Greece,65,71.2
2020,Japan,66,71.14
2020,Bhutan,67,71.1
2020,Ivory Coast,68,71.06
2020,Malawi,69,70.68
2020,Kosovo,70,70.67
2020,Togo,71,70.67
2020,Tunisia,72,70.55
2020,Mongolia,73,70.39
2020,El Salvador,74,70.3
2020,Comoros,75,70.23
2020,Panama,76,70.22
2020,Northern Cyprus,77,70.21
2020,Timor-Leste,78,70.1
2020,Maldives,79,70.07
2020,Hong Kong,80,69.99
2020,Malta,81,69.84
2020,Kyrgyzstan,82,69.81
2020,Haiti,83,69.8
2020,Albania,84,69.75
2020,Sierra Leone,85,69.72
2020,Lesotho,86,69.55
2020,Gambia,87,69.38
2020,Israel,88,69.16
2020,Hungary,89,69.16
2020,Peru,90,69.06
2020,Moldova,91,68.84
2020,North Macedonia,92,68.72
2020,Serbia,93,68.38
2020,Guinea Bissau,94,67.94
2020,Liberia,95,67.75
2020,Ukraine,96,67.48
2020,Mauritania,97,67.46
2020,Ecuador,98,67.38
2020,Ethiopia,99,67.18
2020,Paraguay,100,67.03
2020,Malaysia,101,66.88
2020,Lebanon,102,66.81
2020,Kenya,103,66.28
2020,Mozambique,104,66.21
2020,Montenegro,105,66.17
2020,Angola,106,66.08
2020,Brazil,107,65.95
2020,Mali,108,65.88
2020,Kuwait,109,65.7
2020,Guinea,110,65.66
2020,Bulgaria,111,64.94
2020,Nepal,112,64.9
2020,Benin,113,64.89
2020,Bolivia,114,64.63
2020,Nigeria,115,64.37
2020,Guatemala,116,64.26
2020,Nicaragua,117,64.19
2020,Congo-Brazzaville,118,63.44
2020,Indonesia,119,63.18
2020,Zambia,120,63
2020,Gabon,121,62.8
2020,Afghanistan,122,62.3
2020,Chad,123,60.3
2020,Tanzania,124,59.75
2020,Uganda,125,59.05
2020,Zimbabwe,126,59.05
2020,Sri Lanka,127,58.06
2020,Jordan,128,57.92
2020,Qatar,129,57.49
2020,Colombia,130,57.34
2020,United Arab Emirates,131,57.31
2020,Central African Republic,132,57.13
2020,Morocco / Western Sahara,133,57.12
2020,Cameroon,134,56.72
2020,Oman,135,56.58
2020,Philippines,136,56.46
2020,Palestine,137,55.91
2020,South Sudan,138,55.51
2020,Myanmar,139,55.23
2020,Thailand,140,55.06
2020,Eswatini,141,54.85
2020,India,142,54.67
2020,Mexico,143,54.55
2020,Cambodia,144,54.54
2020,Pakistan,145,54.48
2020,Algeria,146,54.48
2020,Venezuela,147,54.34
2020,Honduras,148,51.8
2020,Russia,149,51.08
2020,Democratic Republic of Congo,150,50.91
2020,Bangladesh,151,50.63
2020,Brunei,152,50.35
2020,Belarus,153,50.25
2020,Türkiye,154,49.98
2020,Rwanda,155,49.66
2020,Uzbekistan,156,46.93
2020,Kazakhstan,157,45.89
2020,Singapore,158,44.77
2020,Sudan,159,44.67
2020,Burundi,160,44.67
2020,Tajikistan,161,44.66
2020,Iraq,162,44.63
2020,Somalia,163,44.55
2020,Libya,164,44.23
2020,Equatorial Guinea,165,43.62
2020,Egypt,166,43.18
2020,Yemen,167,41.75
2020,Azerbaijan,168,41.52
2020,Bahrain,169,39.87
2020,Saudi Arabia,170,37.86
2020,Cuba,171,36.19
2020,Laos,172,35.72
2020,Iran,173,35.19
2020,Syria,174,27.43
2020,Vietnam,175,25.29
2020,Djibouti,176,23.27
2020,China,177,21.52
2020,Eritrea,178,16.5
2020,Turkmenistan,179,14.56
2020,North Korea,180,14.18
2019,Norway,1,92.18
2019,Finland,2,92.1
2019,Sweden,3,91.69
2019,Netherlands,4,91.37
2019,Denmark,5,90.13
2019,Switzerland,6,89.48
2019,New Zealand,7,89.25
2019,Jamaica,8,88.87
2019,Belgium,9,87.93
2019,Costa Rica,10,87.76
2019,Estonia,11,87.73
2019,Portugal,12,87.37
2019,Germany,13,85.4
2019,Iceland,14,85.29
2019,Ireland,15,85
2019,Austria,16,84.67
2019,Luxembourg,17,84.34
2019,Canada,18,84.31
2019,Uruguay,19,83.94
2019,Suriname,20,83.62
2019,Australia,21,83.45
2019,Samoa,22,81.75
2019,Namibia,23,81.05
2019,Latvia,24,80.47
2019,Cabo Verde,25,80.19
2019,Liechtenstein,26,79.51
2019,Ghana,27,79.19
2019,Cyprus,28,78.26
2019,Spain,29,78.01
2019,Lithuania,30,77.94
2019,South Africa,31,77.81
2019,France,32,77.79
2019,United Kingdom,33,77.77
2019,Slovenia,34,77.69
2019,Slovakia,35,76.42
2019,Burkina Faso,36,75.47
2019,Andorra,37,75.37
2019,Papua New Guinea,38,75.3
2019,Trinidad and Tobago,39,75.26
2019,Czechia,40,75.11
2019,South Korea,41,75.06
2019,Taiwan,42,75.02
2019,Italy,43,75.02
2019,Botswana,44,74.91
2019,Tonga,45,74.59
2019,Chile,46,74.35
2019,Romania,47,74.33
2019,United States,48,74.31
2019,Senegal,49,74.19
2019,OECS,50,73.96
2019,Guyana,51,73.37
2019,Fiji,52,72.82
2019,Belize,53,72.5
2019,Madagascar,54,72.24
2019,Dominican Republic,55,72.1
2019,Comoros,56,72.09
2019,Argentina,57,71.7
2019,Mauritius,58,71.54
2019,Poland,59,71.11
2019,Georgia,60,71.02
2019,Armenia,61,71.02
2019,Haiti,62,71
2019,Bosnia-Herzegovina,63,70.98
2019,Croatia,64,70.97
2019,Greece,65,70.92
2019,Niger,66,70.74
2019,Japan,67,70.64
2019,Malawi,68,70.64
2019,Seychelles,69,70.59
2019,Mongolia,70,70.49
2019,Ivory Coast,71,70.48
2019,Tunisia,72,70.39
2019,Hong Kong,73,70.35
2019,Northern Cyprus,74,70.33
2019,Kosovo,75,70.32
2019,Togo,76,70.31
2019,Malta,77,70.26
2019,Lesotho,78,70.26
2019,Panama,79,70.22
2019,Bhutan,80,70.19
2019,El Salvador,81,70.19
2019,Albania,82,70.16
2019,Kyrgyzstan,83,70.08
2019,Timor-Leste,84,70.07
2019,Peru,85,69.78
2019,Sierra Leone,86,69.64
2019,Hungary,87,69.56
2019,Israel,88,69.2
2019,Guinea Bissau,89,69.05
2019,Serbia,90,68.82
2019,Moldova,91,68.79
2019,Gambia,92,68.65
2019,Liberia,93,68.51
2019,Mauritania,94,68.35
2019,North Macedonia,95,68.34
2019,Benin,96,68.26
2019,Ecuador,97,68.12
2019,Maldives,98,67.84
2019,Paraguay,99,67.6
2019,Kenya,100,67.56
2019,Lebanon,101,67.56
2019,Ukraine,102,67.54
2019,Mozambique,103,67.34
2019,Montenegro,104,67.26
2019,Brazil,105,67.21
2019,Nepal,106,66.6
2019,Guinea,107,66.51
2019,Kuwait,108,66.14
2019,Angola,109,65.04
2019,Ethiopia,110,64.89
2019,Bulgaria,111,64.89
2019,Mali,112,64.77
2019,Bolivia,113,64.62
2019,Nicaragua,114,64.47
2019,Gabon,115,64.4
2019,Guatemala,116,64.06
2019,Congo-Brazzaville,117,63.96
2019,Tanzania,118,63.72
2019,Zambia,119,63.62
2019,Nigeria,120,63.5
2019,Afghanistan,121,63.45
2019,Chad,122,63.29
2019,Malaysia,123,63.26
2019,Indonesia,124,63.23
2019,Uganda,125,60.58
2019,Sri Lanka,126,60.39
2019,Zimbabwe,127,57.77
2019,Qatar,128,57.49
2019,Colombia,129,57.18
2019,Jordan,130,56.89
2019,Cameroon,131,56.68
2019,Oman,132,56.58
2019,United Arab Emirates,133,56.37
2019,Philippines,134,56.09
2019,Morocco / Western Sahara,135,56.02
2019,Thailand,136,55.9
2019,Palestine,137,55.32
2019,Myanmar,138,55.08
2019,South Sudan,139,54.35
2019,India,140,54.33
2019,Algeria,141,54.25
2019,Pakistan,142,54.17
2019,Cambodia,143,54.1
2019,Mexico,144,53.22
2019,Central African Republic,145,52.73
2019,Honduras,146,51.47
2019,Eswatini,147,50.91
2019,Venezuela,148,50.9
2019,Russia,149,49.69
2019,Bangladesh,150,49.26
2019,Singapore,151,48.59
2019,Brunei,152,48.52
2019,Belarus,153,48.34
2019,Democratic Republic of Congo,154,48.29
2019,Rwanda,155,47.57
2019,Iraq,156,47.4
2019,Türkiye,157,47.19
2019,Kazakhstan,158,47.18
2019,Burundi,159,47.11
2019,Uzbekistan,160,46.48
2019,Tajikistan,161,45.98
2019,Libya,162,44.23
2019,Egypt,163,43.53
2019,Somalia,164,42.76
2019,Equatorial Guinea,165,41.65
2019,Azerbaijan,166,40.87
2019,Bahrain,167,38.69
2019,Yemen,168,38.34
2019,Cuba,169,36.19
2019,Iran,170,35.59
2019,Laos,171,35.51
2019,Saudi Arabia,172,34.12
2019,Djibouti,173,28.64
2019,Syria,174,28.22
2019,Sudan,175,27.55
2019,Vietnam,176,25.07
2019,China,177,21.08
2019,Eritrea,178,19.74
2019,North Korea,179,16.6
2019,Turkmenistan,180,14.56
2018,Norway,1,92.37
2018,Sweden,2,91.69
2018,Netherlands,3,89.99
2018,Finland,4,89.74
2018,Switzerland,5,88.73
2018,Jamaica,6,88.67
2018,Belgium,7,86.84
2018,New Zealand,8,86.38
2018,Denmark,9,86.01
2018,Costa Rica,10,85.99
2018,Austria,11,85.96
2018,Estonia,12,85.92
2018,Iceland,13,85.9
2018,Portugal,14,85.83
2018,Germany,15,85.61
2018,Ireland,16,85.41
2018,Luxembourg,17,85.28
2018,Canada,18,84.72
2018,Australia,19,84.54
2018,Uruguay,20,84.44
2018,Suriname,21,83.56
2018,Samoa,22,83.31
2018,Ghana,23,81.59
2018,Latvia,24,80.37
2018,Cyprus,25,80.15
2018,Namibia,26,79.76
2018,Slovakia,27,79.74
2018,South Africa,28,79.61
2018,Cabo Verde,29,79.61
2018,Liechtenstein,30,79.51
2018,Spain,31,79.49
2018,Slovenia,32,78.31
2018,France,33,78.13
2018,Czechia,34,78.11
2018,OECS,35,77.89
2018,Lithuania,36,77.8
2018,Andorra,37,77.79
2018,Chile,38,77.31
2018,Trinidad and Tobago,39,77.21
2018,United Kingdom,40,76.75
2018,Burkina Faso,41,76.67
2018,Taiwan,42,76.64
2018,South Korea,43,76.49
2018,Romania,44,76.35
2018,United States,45,76.27
2018,Italy,46,75.88
2018,Belize,47,75.45
2018,Botswana,48,74.71
2018,Comoros,49,74.7
2018,Senegal,50,74.39
2018,Tonga,51,74.32
2018,Argentina,52,73.95
2018,Papua New Guinea,53,73.81
2018,Madagascar,54,73.8
2018,Guyana,55,73.75
2018,Mauritius,56,73.55
2018,Fiji,57,73.45
2018,Poland,58,73.41
2018,Dominican Republic,59,73.21
2018,Haiti,60,73.18
2018,Georgia,61,72.66
2018,Bosnia-Herzegovina,62,72.63
2018,Niger,63,72.6
2018,Malawi,64,72.57
2018,Malta,65,72.56
2018,El Salvador,66,72.22
2018,Japan,67,71.36
2018,Lesotho,68,71.22
2018,Croatia,69,71.06
2018,Hong Kong,70,70.96
2018,Mongolia,71,70.95
2018,Mauritania,72,70.91
2018,Hungary,73,70.89
2018,Greece,74,70.81
2018,Albania,75,70.51
2018,Serbia,76,70.42
2018,Northern Cyprus,77,70.41
2018,Kosovo,78,70.39
2018,Sierra Leone,79,70.02
2018,Armenia,80,70.01
2018,Moldova,81,69.99
2018,Ivory Coast,82,69.92
2018,Guinea Bissau,83,69.91
2018,Benin,84,69.84
2018,Seychelles,85,69.83
2018,Togo,86,69.77
2018,Israel,87,69.74
2018,Peru,88,69.73
2018,Liberia,89,69.67
2018,Nicaragua,90,69.59
2018,Panama,91,69.44
2018,Ecuador,92,69.44
2018,Tanzania,93,69.35
2018,Bhutan,94,69.27
2018,Timor-Leste,95,69.19
2018,Kenya,96,69.18
2018,Tunisia,97,69.09
2018,Kyrgyzstan,98,69
2018,Mozambique,99,68.88
2018,Lebanon,100,68.85
2018,Ukraine,101,68.84
2018,Brazil,102,68.8
2018,Montenegro,103,68.79
2018,Guinea,104,68.1
2018,Kuwait,105,68.09
2018,Nepal,106,67.95
2018,Paraguay,107,67.68
2018,Gabon,108,67.63
2018,North Macedonia,109,67.57
2018,Bolivia,110,67.55
2018,Bulgaria,111,64.78
2018,Central African Republic,112,64.75
2018,Zambia,113,64.64
2018,Congo-Brazzaville,114,64.58
2018,Mali,115,63.85
2018,Guatemala,116,63.83
2018,Uganda,117,63.23
2018,Afghanistan,118,62.72
2018,Nigeria,119,62.59
2018,Maldives,120,62.05
2018,Angola,121,61.65
2018,Gambia,122,61.64
2018,Chad,123,61.55
2018,Indonesia,124,60.32
2018,Qatar,125,59.84
2018,Zimbabwe,126,59.47
2018,Oman,127,59.33
2018,United Arab Emirates,128,59.14
2018,Cameroon,129,59.08
2018,Colombia,130,58.97
2018,Sri Lanka,131,58.63
2018,Jordan,132,58.29
2018,Philippines,133,57.47
2018,Palestine,134,57.04
2018,Morocco / Western Sahara,135,56.87
2018,Algeria,136,56.87
2018,Myanmar,137,56.85
2018,India,138,56.76
2018,Pakistan,139,56.76
2018,Thailand,140,55.69
2018,Honduras,141,54.77
2018,Cambodia,142,54.1
2018,Venezuela,143,53.97
2018,South Sudan,144,53.12
2018,Malaysia,145,52.59
2018,Bangladesh,146,51.38
2018,Mexico,147,51.09
2018,Russia,148,50.04
2018,Tajikistan,149,49.94
2018,Ethiopia,150,49.83
2018,Singapore,151,49.05
2018,Eswatini,152,48.54
2018,Brunei,153,48.52
2018,Democratic Republic of Congo,154,48.4
2018,Belarus,155,47.41
2018,Rwanda,156,47.1
2018,Türkiye,157,46.5
2018,Kazakhstan,158,45.59
2018,Burundi,159,44.74
2018,Iraq,160,43.44
2018,Egypt,161,43.28
2018,Libya,162,43.21
2018,Azerbaijan,163,40.27
2018,Iran,164,39.29
2018,Uzbekistan,165,39.16
2018,Bahrain,166,39.15
2018,Yemen,167,37.77
2018,Somalia,168,36.96
2018,Saudi Arabia,169,36.87
2018,Laos,170,33.59
2018,Equatorial Guinea,171,33.53
2018,Cuba,172,31.1
2018,Djibouti,173,29.23
2018,Sudan,174,28.87
2018,Vietnam,175,24.95
2018,China,176,21.71
2018,Syria,177,20.78
2018,Turkmenistan,178,15.8
2018,Eritrea,179,15.76
2018,North Korea,180,11.13
2017,Norway,1,92.4
2017,Sweden,2,91.73
2017,Finland,3,91.08
2017,Denmark,4,89.64
2017,Netherlands,5,88.72
2017,Costa Rica,6,88.07
2017,Switzerland,7,87.87
2017,Jamaica,8,87.27
2017,Belgium,9,87.25
2017,Iceland,10,86.97
2017,Austria,11,86.53
2017,Estonia,12,86.45
2017,New Zealand,13,86.02
2017,Ireland,14,85.92
2017,Luxembourg,15,85.28
2017,Germany,16,85.03
2017,Slovakia,17,84.49
2017,Portugal,18,84.23
2017,Australia,19,83.98
2017,Suriname,20,83.93
2017,Samoa,21,83.59
2017,Canada,22,83.47
2017,Czechia,23,83.09
2017,Namibia,24,82.92
2017,Uruguay,25,82.57
2017,Ghana,26,82.05
2017,Cabo Verde,27,81.98
2017,Latvia,28,81.38
2017,Spain,29,81.31
2017,Cyprus,30,80.21
2017,South Africa,31,79.88
2017,Liechtenstein,32,79.69
2017,Chile,33,79.47
2017,Trinidad and Tobago,34,79.38
2017,Andorra,35,78.97
2017,Lithuania,36,78.63
2017,Slovenia,37,78.3
2017,OECS,38,77.9
2017,France,39,77.76
2017,United Kingdom,40,77.74
2017,Belize,41,76.57
2017,Burkina Faso,42,76.15
2017,United States,43,76.12
2017,Comoros,44,75.67
2017,Taiwan,45,75.63
2017,Romania,46,75.54
2017,Malta,47,75.24
2017,Botswana,48,75.07
2017,Tonga,49,75.03
2017,Argentina,50,74.93
2017,Papua New Guinea,51,74.93
2017,Italy,52,73.74
2017,Haiti,53,73.64
2017,Poland,54,73.53
2017,Mauritania,55,73.51
2017,Mauritius,56,73.33
2017,Madagascar,57,73.29
2017,Senegal,58,73.28
2017,Dominican Republic,59,73.24
2017,Guyana,60,73.2
2017,Niger,61,72.79
2017,El Salvador,62,72.76
2017,South Korea,63,72.39
2017,Georgia,64,72.24
2017,Bosnia-Herzegovina,65,72.17
2017,Serbia,66,71.95
2017,Fiji,67,71.36
2017,Lesotho,68,71.22
2017,Mongolia,69,71.05
2017,Malawi,70,71.03
2017,Hungary,71,70.99
2017,Japan,72,70.56
2017,Hong Kong,73,70.54
2017,Croatia,74,70.41
2017,Northern Cyprus,75,70.12
2017,Albania,76,70.08
2017,Guinea Bissau,77,69.91
2017,Benin,78,69.68
2017,Armenia,79,69.62
2017,Moldova,80,69.59
2017,Ivory Coast,81,69.58
2017,Kosovo,82,69.55
2017,Tanzania,83,69.35
2017,Bhutan,84,69.27
2017,Sierra Leone,85,69.27
2017,Togo,86,69.25
2017,Seychelles,87,69.14
2017,Greece,88,69.11
2017,Kyrgyzstan,89,69.08
2017,Peru,90,69.02
2017,Israel,91,68.99
2017,Nicaragua,92,68.99
2017,Mozambique,93,68.95
2017,Liberia,94,68.88
2017,Kenya,95,68.8
2017,Panama,96,67.88
2017,Tunisia,97,67.78
2017,Timor-Leste,98,67.18
2017,Lebanon,99,66.99
2017,Nepal,100,66.98
2017,Guinea,101,66.85
2017,Ukraine,102,66.81
2017,Brazil,103,66.42
2017,Kuwait,104,66.39
2017,Ecuador,105,66.36
2017,Montenegro,106,66.35
2017,Bolivia,107,66.12
2017,Gabon,108,65.17
2017,Bulgaria,109,64.99
2017,Paraguay,110,64.36
2017,North Macedonia,111,64.26
2017,Uganda,112,64.06
2017,Central African Republic,113,63.88
2017,Zambia,114,63.52
2017,Congo-Brazzaville,115,63.27
2017,Mali,116,61.73
2017,Maldives,117,60.7
2017,Guatemala,118,60.67
2017,United Arab Emirates,119,60.61
2017,Afghanistan,120,60.54
2017,Chad,121,60.34
2017,Nigeria,122,60.31
2017,Qatar,123,60.17
2017,Indonesia,124,60.07
2017,Angola,125,59.58
2017,Oman,126,59.54
2017,Philippines,127,58.92
2017,Zimbabwe,128,58.56
2017,Colombia,129,58.53
2017,Cameroon,130,58.41
2017,Myanmar,131,58.18
2017,Cambodia,132,57.93
2017,Morocco / Western Sahara,133,57.58
2017,Algeria,134,57.17
2017,Palestine,135,57.1
2017,India,136,57.06
2017,Venezuela,137,57.06
2017,Jordan,138,56.76
2017,Pakistan,139,56.45
2017,Honduras,140,56.25
2017,Sri Lanka,141,55.66
2017,Thailand,142,55.31
2017,Gambia,143,53.3
2017,Malaysia,144,53.11
2017,South Sudan,145,51.84
2017,Bangladesh,146,51.64
2017,Mexico,147,51.03
2017,Russia,148,50.55
2017,Tajikistan,149,49.73
2017,Ethiopia,150,49.66
2017,Singapore,151,48.9
2017,Eswatini,152,48.73
2017,Belarus,153,47.57
2017,Democratic Republic of Congo,154,47.33
2017,Türkiye,155,47.02
2017,Brunei,156,46.28
2017,Kazakhstan,157,45.99
2017,Iraq,158,45.97
2017,Rwanda,159,45.89
2017,Burundi,160,44.22
2017,Egypt,161,44.22
2017,Azerbaijan,162,43.6
2017,Libya,163,43.19
2017,Bahrain,164,41.12
2017,Iran,165,34.88
2017,Yemen,166,34.2
2017,Somalia,167,34.05
2017,Saudi Arabia,168,33.98
2017,Uzbekistan,169,33.89
2017,Laos,170,33.59
2017,Equatorial Guinea,171,33.53
2017,Djibouti,172,29.46
2017,Cuba,173,28.25
2017,Sudan,174,26.44
2017,Vietnam,175,26.04
2017,China,176,22.34
2017,Syria,177,18.51
2017,Turkmenistan,178,15.81
2017,Eritrea,179,15.76
2017,North Korea,180,15.02
2016,Finland,1,91.41
2016,Netherlands,2,91.24
2016,Norway,3,91.21
2016,Denmark,4,91.11
2016,New Zealand,5,89.99
2016,Costa Rica,6,88.9
2016,Switzerland,7,88.24
2016,Sweden,8,87.67
2016,Ireland,9,87.6
2016,Jamaica,10,87.55
2016,Austria,11,86.82
2016,Slovakia,12,86.74
2016,Belgium,13,85.82
2016,Estonia,14,85.69
2016,Luxembourg,15,85.57
2016,Germany,16,85.2
2016,Namibia,17,84.85
2016,Canada,18,84.74
2016,Iceland,19,84.7
2016,Uruguay,20,84.12
2016,Czechia,21,83.34
2016,Suriname,22,83.3
2016,Portugal,23,82.73
2016,Latvia,24,82.62
2016,Australia,25,82.16
2016,Ghana,26,82.05
2016,Cyprus,27,81.74
2016,Liechtenstein,28,81.64
2016,Samoa,29,81.2
2016,OECS,30,81.09
2016,Chile,31,80.77
2016,Cabo Verde,32,80.18
2016,Andorra,33,80.13
2016,Spain,34,80.08
2016,Lithuania,35,80.05
2016,Belize,36,79.39
2016,Tonga,37,78.76
2016,United Kingdom,38,78.3
2016,South Africa,39,78.08
2016,Slovenia,40,77.74
2016,United States,41,77.51
2016,Burkina Faso,42,77.34
2016,Botswana,43,77.09
2016,Trinidad and Tobago,44,76.71
2016,France,45,76.17
2016,Malta,46,76.16
2016,Poland,47,76.11
2016,Mauritania,48,75.97
2016,Romania,49,75.71
2016,Comoros,50,75.67
2016,Taiwan,51,75.63
2016,Niger,52,75.38
2016,Haiti,53,75.34
2016,Argentina,54,74.91
2016,Papua New Guinea,55,74.19
2016,Madagascar,56,72.96
2016,Guyana,57,72.93
2016,El Salvador,58,72.8
2016,Serbia,59,72.4
2016,Mongolia,60,72.39
2016,Mauritius,61,72.31
2016,Dominican Republic,62,72.1
2016,Croatia,63,72.09
2016,Georgia,64,72.04
2016,Senegal,65,72.01
2016,Malawi,66,71.88
2016,Hungary,67,71.83
2016,Bosnia-Herzegovina,68,71.55
2016,Hong Kong,69,71.5
2016,South Korea,70,71.42
2016,Tanzania,71,71.35
2016,Japan,72,71.33
2016,Lesotho,73,71.22
2016,Armenia,74,71.21
2016,Nicaragua,75,71.18
2016,Moldova,76,71.17
2016,Italy,77,71.07
2016,Benin,78,71.03
2016,Guinea Bissau,79,70.97
2016,Fiji,80,70.63
2016,Northern Cyprus,81,70.46
2016,Albania,82,70.08
2016,Sierra Leone,83,70.06
2016,Peru,84,70.01
2016,Kyrgyzstan,85,69.84
2016,Ivory Coast,86,69.83
2016,Mozambique,87,69.75
2016,Togo,88,69.69
2016,Greece,89,69.65
2016,Kosovo,90,69.5
2016,Panama,91,69.41
2016,Seychelles,92,69.4
2016,Liberia,93,69.29
2016,Bhutan,94,69.27
2016,Kenya,95,68.84
2016,Tunisia,96,68.4
2016,Bolivia,97,68.22
2016,Lebanon,98,68.05
2016,Timor-Leste,99,67.98
2016,Gabon,100,67.8
2016,Israel,101,67.42
2016,Uganda,102,67.42
2016,Kuwait,103,67.41
2016,Brazil,104,67.38
2016,Nepal,105,67.38
2016,Montenegro,106,67.21
2016,Ukraine,107,67.07
2016,Guinea,108,66.92
2016,Ecuador,109,66.79
2016,Central African Republic,110,66.4
2016,Paraguay,111,66.37
2016,Maldives,112,65.83
2016,Bulgaria,113,65.54
2016,Zambia,114,64.92
2016,Congo-Brazzaville,115,64.16
2016,Nigeria,116,64.1
2016,Qatar,117,64.03
2016,North Macedonia,118,63.91
2016,United Arab Emirates,119,63.27
2016,Afghanistan,120,62.25
2016,Guatemala,121,61.97
2016,Mali,122,60.17
2016,Angola,123,60.11
2016,Zimbabwe,124,59.59
2016,Oman,125,59.57
2016,Cameroon,126,59.47
2016,Chad,127,59.41
2016,Cambodia,128,59.3
2016,Algeria,129,58.31
2016,Indonesia,130,58.28
2016,Morocco / Western Sahara,131,57.36
2016,Palestine,132,57.07
2016,India,133,56.83
2016,Colombia,134,55.89
2016,Jordan,135,55.51
2016,Thailand,136,55.47
2016,Honduras,137,55.38
2016,Philippines,138,55.34
2016,Venezuela,139,55.23
2016,South Sudan,140,55.13
2016,Sri Lanka,141,55.04
2016,Ethiopia,142,54.87
2016,Myanmar,143,54.52
2016,Bangladesh,144,54.06
2016,Gambia,145,53.47
2016,Malaysia,146,53.43
2016,Pakistan,147,51.48
2016,Russia,148,50.97
2016,Mexico,149,50.67
2016,Tajikistan,150,49.66
2016,Türkiye,151,49.24
2016,Democratic Republic of Congo,152,49.03
2016,Eswatini,153,47.63
2016,Singapore,154,47.04
2016,Brunei,155,46.15
2016,Burundi,156,45.9
2016,Belarus,157,45.68
2016,Iraq,158,45.65
2016,Egypt,159,45.55
2016,Kazakhstan,160,45.45
2016,Rwanda,161,45.39
2016,Bahrain,162,45.14
2016,Azerbaijan,163,42.11
2016,Libya,164,42.11
2016,Saudi Arabia,165,40.28
2016,Uzbekistan,166,38.85
2016,Somalia,167,34.65
2016,Equatorial Guinea,168,33.53
2016,Iran,169,33.48
2016,Yemen,170,32.93
2016,Cuba,171,29.77
2016,Djibouti,172,29.1
2016,Laos,173,28.42
2016,Sudan,174,27.47
2016,Vietnam,175,25.73
2016,China,176,19.04
2016,Syria,177,18.65
2016,Turkmenistan,178,16.56
2016,North Korea,179,16.24
2016,Eritrea,180,16.08
2015,Finland,1,92.48
2015,Norway,2,92.25
2015,Denmark,3,91.76
2015,Netherlands,4,90.78
2015,Sweden,5,90.53
2015,New Zealand,6,89.94
2015,Austria,7,89.15
2015,Canada,8,89.01
2015,Jamaica,9,88.82
2015,Estonia,10,88.81
2015,Ireland,11,88.8
2015,Germany,12,88.53
2015,Czechia,13,88.38
2015,Slovakia,14,88.34
2015,Belgium,15,88.02
2015,Costa Rica,16,87.74
2015,Namibia,17,87.5
2015,Poland,18,87.29
2015,Luxembourg,19,86.39
2015,Switzerland,20,86.15
2015,Iceland,21,86.13
2015,Ghana,22,84.5
2015,Uruguay,23,84.06
2015,Cyprus,24,83.48
2015,Australia,25,82.97
2015,Portugal,26,82.89
2015,Liechtenstein,27,82.33
2015,Latvia,28,81.88
2015,Suriname,29,81.8
2015,Belize,30,81.46
2015,Lithuania,31,81.2
2015,Andorra,32,80.13
2015,Spain,33,80.05
2015,United Kingdom,34,80
2015,Slovenia,35,79.45
2015,Cabo Verde,36,79.31
2015,OECS,37,78.98
2015,France,38,78.85
2015,South Africa,39,77.94
2015,Samoa,40,77.68
2015,Trinidad and Tobago,41,77.61
2015,Botswana,42,77.09
2015,Chile,43,77
2015,Tonga,44,76.63
2015,El Salvador,45,76.34
2015,Burkina Faso,46,76.21
2015,Niger,47,76.15
2015,Malta,48,75.84
2015,United States,49,75.59
2015,Comoros,50,75.48
2015,Taiwan,51,75.17
2015,Romania,52,75.1
2015,Haiti,53,74.92
2015,Mongolia,54,74.75
2015,Mauritania,55,74.73
2015,Papua New Guinea,56,74.13
2015,Argentina,57,73.89
2015,Croatia,58,73.88
2015,Malawi,59,73.59
2015,South Korea,60,73.45
2015,Japan,61,73.05
2015,Guyana,62,72.79
2015,Dominican Republic,63,72.69
2015,Madagascar,64,72.57
2015,Hungary,65,72.56
2015,Bosnia-Herzegovina,66,72.49
2015,Serbia,67,72.34
2015,Mauritius,68,72.31
2015,Georgia,69,72.3
2015,Hong Kong,70,72.24
2015,Senegal,71,72.23
2015,Moldova,72,72.15
2015,Italy,73,72.06
2015,Nicaragua,74,72.06
2015,Tanzania,75,71.91
2015,Northern Cyprus,76,71.67
2015,Lesotho,77,71.64
2015,Armenia,78,71.57
2015,Sierra Leone,79,71.53
2015,Togo,80,71.5
2015,Guinea Bissau,81,71.3
2015,Albania,82,71.23
2015,Panama,83,71.02
2015,Benin,84,70.76
2015,Mozambique,85,70.02
2015,Ivory Coast,86,69.55
2015,Kosovo,87,69.37
2015,Kyrgyzstan,88,69.31
2015,Liberia,89,69.22
2015,Kuwait,90,69.16
2015,Greece,91,68.99
2015,Peru,92,68.79
2015,Fiji,93,68.72
2015,Bolivia,94,68.71
2015,Gabon,95,68.62
2015,Seychelles,96,68.45
2015,Uganda,97,68.35
2015,Lebanon,98,68.19
2015,Brazil,99,68.07
2015,Kenya,100,67.93
2015,Israel,101,67.91
2015,Guinea,102,67.44
2015,Timor-Leste,103,67.37
2015,Bhutan,104,67.35
2015,Nepal,105,67.29
2015,Bulgaria,106,67.09
2015,Congo-Brazzaville,107,67
2015,Ecuador,108,66.35
2015,Paraguay,109,66.26
2015,Central African Republic,110,66.16
2015,Nigeria,111,65.91
2015,Maldives,112,65.68
2015,Zambia,113,65.65
2015,Montenegro,114,65.37
2015,Qatar,115,64.65
2015,Tajikistan,116,63.81
2015,North Macedonia,117,63.74
2015,Mali,118,63.67
2015,Algeria,119,63.37
2015,United Arab Emirates,120,63.27
2015,Brunei,121,63.24
2015,Afghanistan,122,62.56
2015,Angola,123,62.16
2015,Guatemala,124,62.08
2015,South Sudan,125,61.96
2015,Tunisia,126,61.32
2015,Oman,127,61.17
2015,Colombia,128,60.92
2015,Ukraine,129,60.9
2015,Morocco / Western Sahara,130,60.81
2015,Zimbabwe,131,60.81
2015,Honduras,132,60.73
2015,Cameroon,133,60.37
2015,Thailand,134,59.93
2015,Chad,135,59.83
2015,India,136,59.51
2015,Venezuela,137,59.39
2015,Indonesia,138,59.25
2015,Cambodia,139,59.01
2015,Palestine,140,58.99
2015,Philippines,141,58.81
2015,Ethiopia,142,58.17
2015,Jordan,143,57.93
2015,Myanmar,144,57.92
2015,Burundi,145,57.07
2015,Bangladesh,146,57.05
2015,Malaysia,147,56.71
2015,Mexico,148,56.31
2015,Türkiye,149,55.84
2015,Democratic Republic of Congo,150,55.69
2015,Gambia,151,55.5
2015,Russia,152,55.03
2015,Singapore,153,54.13
2015,Libya,154,54.01
2015,Eswatini,155,52.72
2015,Iraq,156,52.24
2015,Belarus,157,52.02
2015,Egypt,158,49.83
2015,Pakistan,159,49.54
2015,Kazakhstan,160,46.54
2015,Rwanda,161,43.43
2015,Azerbaijan,162,41.59
2015,Bahrain,163,41.31
2015,Saudi Arabia,164,40.59
2015,Sri Lanka,165,39.72
2015,Uzbekistan,166,38.86
2015,Equatorial Guinea,167,33.77
2015,Yemen,168,33.64
2015,Cuba,169,29.79
2015,Djibouti,170,28.96
2015,Laos,171,28.75
2015,Somalia,172,27.69
2015,Iran,173,27.68
2015,Sudan,174,27.66
2015,Vietnam,175,27.37
2015,China,176,26.45
2015,Syria,177,22.71
2015,Turkmenistan,178,19.17
2015,North Korea,179,16.75
2015,Eritrea,180,15.14
2014,Finland,1,93.6
2014,Netherlands,2,93.54
2014,Norway,3,93.48
2014,Luxembourg,4,93.3
2014,Andorra,5,93.18
2014,Liechtenstein,6,92.98
2014,Denmark,7,92.57
2014,Iceland,8,91.5
2014,New Zealand,9,91.45
2014,Sweden,10,91.02
2014,Estonia,11,90.37
2014,Austria,12,89.99
2014,Czechia,13,89.93
2014,Germany,14,89.77
2014,Switzerland,15,89.53
2014,Ireland,16,89.13
2014,Jamaica,17,89.1
2014,Canada,18,89.01
2014,Poland,19,88.97
2014,Slovakia,20,88.61
2014,Costa Rica,21,87.77
2014,Namibia,22,87.5
2014,Belgium,23,87.2
2014,Cabo Verde,24,85.68
2014,Cyprus,25,85.55
2014,Uruguay,26,83.92
2014,Ghana,27,83.71
2014,Australia,28,83.09
2014,Belize,29,82.95
2014,Portugal,30,82.27
2014,Suriname,31,81.8
2014,Lithuania,32,80.8
2014,United Kingdom,33,80.07
2014,Slovenia,34,79.62
2014,Spain,35,79.37
2014,OECS,36,79.19
2014,Latvia,37,78.9
2014,El Salvador,38,78.43
2014,France,39,78.11
2014,Samoa,40,77.98
2014,Botswana,41,77.09
2014,South Africa,42,76.81
2014,Trinidad and Tobago,43,76.72
2014,Papua New Guinea,44,76.54
2014,Romania,45,76.52
2014,United States,46,76.51
2014,Haiti,47,76.47
2014,Niger,48,76.41
2014,Italy,49,76.25
2014,Taiwan,50,76.18
2014,Malta,51,76.16
2014,Burkina Faso,52,75.55
2014,Comoros,53,75.48
2014,Serbia,54,74.95
2014,Argentina,55,74.73
2014,Moldova,56,74.65
2014,South Korea,57,74.34
2014,Chile,58,74.2
2014,Japan,59,73.98
2014,Mauritania,60,73.47
2014,Hong Kong,61,73.45
2014,Senegal,62,73.32
2014,Tonga,63,73.3
2014,Hungary,64,73.27
2014,Croatia,65,73.18
2014,Bosnia-Herzegovina,66,73.14
2014,Guyana,67,72.92
2014,Dominican Republic,68,72.83
2014,Tanzania,69,72.7
2014,Mauritius,70,72.31
2014,Nicaragua,71,72.3
2014,Sierra Leone,72,71.77
2014,Malawi,73,71.71
2014,Lesotho,74,71.64
2014,Benin,75,71.17
2014,Togo,76,71
2014,Timor-Leste,77,70.96
2014,Armenia,78,70.93
2014,Mozambique,79,70.74
2014,Kosovo,80,70.71
2014,Madagascar,81,70.62
2014,Congo-Brazzaville,82,70.56
2014,Northern Cyprus,83,70.46
2014,Georgia,84,70.22
2014,Albania,85,70.08
2014,Guinea Bissau,86,69.95
2014,Panama,87,69.8
2014,Mongolia,88,69.7
2014,Liberia,89,69.35
2014,Kenya,90,69.3
2014,Kuwait,91,69.29
2014,Bhutan,92,69.27
2014,Zambia,93,69.11
2014,Bolivia,94,68.96
2014,Ecuador,95,68.84
2014,Israel,96,68.81
2014,Kyrgyzstan,97,68.76
2014,Gabon,98,68.68
2014,Greece,99,68.67
2014,Bulgaria,100,68.58
2014,Ivory Coast,101,68.37
2014,Guinea,102,68.33
2014,Seychelles,103,68.32
2014,Peru,104,68.3
2014,Paraguay,105,68.19
2014,Lebanon,106,68.11
2014,Fiji,107,67.43
2014,Maldives,108,66.89
2014,Central African Republic,109,66.87
2014,Uganda,110,66.71
2014,Brazil,111,65.97
2014,Nigeria,112,65.76
2014,Qatar,113,65.68
2014,Montenegro,114,65.22
2014,Tajikistan,115,65.14
2014,Venezuela,116,64.63
2014,Brunei,117,64.55
2014,United Arab Emirates,118,63.97
2014,South Sudan,119,63.95
2014,Nepal,120,63.84
2014,Algeria,121,63.74
2014,Mali,122,63.71
2014,North Macedonia,123,63.57
2014,Angola,124,63.5
2014,Guatemala,125,63.39
2014,Colombia,126,63.32
2014,Ukraine,127,63.07
2014,Afghanistan,128,62.93
2014,Honduras,129,62.86
2014,Thailand,130,62.06
2014,Cameroon,131,61.87
2014,Indonesia,132,61.85
2014,Tunisia,133,61.31
2014,Oman,134,61.17
2014,Zimbabwe,135,60.81
2014,Morocco / Western Sahara,136,60.28
2014,Libya,137,60.16
2014,Palestine,138,59.89
2014,Chad,139,59.78
2014,India,140,59.66
2014,Jordan,141,59.58
2014,Burundi,142,59.5
2014,Ethiopia,143,59.42
2014,Cambodia,144,59.03
2014,Myanmar,145,58.57
2014,Bangladesh,146,57.42
2014,Malaysia,147,57.27
2014,Russia,148,57.22
2014,Philippines,149,56.31
2014,Singapore,150,55.71
2014,Democratic Republic of Congo,151,55.36
2014,Mexico,152,54.96
2014,Iraq,153,54.56
2014,Türkiye,154,54.13
2014,Gambia,155,53.58
2014,Eswatini,156,53.24
2014,Belarus,157,52.18
2014,Pakistan,158,48.54
2014,Egypt,159,48.11
2014,Azerbaijan,160,47.13
2014,Kazakhstan,161,45.06
2014,Rwanda,162,43.43
2014,Bahrain,163,41.74
2014,Saudi Arabia,164,41.7
2014,Sri Lanka,165,40.87
2014,Uzbekistan,166,38.99
2014,Yemen,167,32.74
2014,Equatorial Guinea,168,32.05
2014,Djibouti,169,29.66
2014,Cuba,170,29.08
2014,Laos,171,28.78
2014,Sudan,172,28.12
2014,Iran,173,27.71
2014,Vietnam,174,27.64
2014,China,175,27.09
2014,Somalia,176,26.81
2014,Syria,177,22.96
2014,Turkmenistan,178,19.19
2014,North Korea,179,18.04
2014,Eritrea,180,15.17
2013,Finland,1,93.62
2013,Netherlands,2,93.52
2013,Norway,3,93.48
2013,Luxembourg,4,93.32
2013,Andorra,5,93.18
2013,Denmark,6,92.92
2013,Liechtenstein,7,92.65
2013,New Zealand,8,91.62
2013,Iceland,9,91.51
2013,Sweden,10,90.77
2013,Estonia,11,90.74
2013,Austria,12,90.6
2013,Jamaica,13,90.12
2013,Switzerland,14,90.06
2013,Ireland,15,89.94
2013,Czechia,16,89.83
2013,Germany,17,89.76
2013,Costa Rica,18,87.92
2013,Namibia,19,87.5
2013,Canada,20,87.31
2013,Belgium,21,87.06
2013,Poland,22,86.89
2013,Slovakia,23,86.75
2013,Cyprus,24,86.17
2013,Cabo Verde,25,85.67
2013,Australia,26,84.76
2013,Uruguay,27,84.08
2013,Portugal,28,83.25
2013,United Kingdom,29,83.11
2013,Ghana,30,82.73
2013,Suriname,31,81.81
2013,United States,32,81.78
2013,Lithuania,33,81.76
2013,OECS,34,80.28
2013,Slovenia,35,79.51
2013,Spain,36,79.5
2013,France,37,78.4
2013,El Salvador,38,77.14
2013,Latvia,39,77.11
2013,Botswana,40,77.09
2013,Papua New Guinea,41,77.03
2013,Romania,42,76.95
2013,Niger,43,76.92
2013,Trinidad and Tobago,44,76.88
2013,Malta,45,76.7
2013,Burkina Faso,46,76.3
2013,Taiwan,47,76.18
2013,Samoa,48,76.16
2013,Haiti,49,75.91
2013,South Korea,50,75.52
2013,Comoros,51,75.48
2013,South Africa,52,75.44
2013,Japan,53,74.83
2013,Argentina,54,74.33
2013,Moldova,55,73.99
2013,Hungary,56,73.91
2013,Italy,57,73.89
2013,Hong Kong,58,73.84
2013,Senegal,59,73.81
2013,Chile,60,73.76
2013,Sierra Leone,61,73.65
2013,Mauritius,62,73.53
2013,Serbia,63,73.41
2013,Croatia,64,73.39
2013,Central African Republic,65,73.39
2013,Tonga,66,73.3
2013,Mauritania,67,73.24
2013,Bosnia-Herzegovina,68,73.14
2013,Guyana,69,72.92
2013,Tanzania,70,72.66
2013,Kenya,71,72.2
2013,Zambia,72,72.07
2013,Mozambique,73,71.99
2013,Armenia,74,71.96
2013,Malawi,75,71.82
2013,Congo-Brazzaville,76,71.8
2013,Kuwait,77,71.72
2013,Nicaragua,78,71.69
2013,Benin,79,71.67
2013,Dominican Republic,80,71.66
2013,Lesotho,81,71.64
2013,Bhutan,82,71.58
2013,Togo,83,71.55
2013,Greece,84,71.54
2013,Kosovo,85,71.53
2013,Guinea,86,71.51
2013,Bulgaria,87,71.42
2013,Madagascar,88,71.38
2013,Gabon,89,71.31
2013,Timor-Leste,90,71.28
2013,Paraguay,91,71.22
2013,Guinea Bissau,92,71.06
2013,Seychelles,93,70.81
2013,Northern Cyprus,94,70.66
2013,Guatemala,95,70.61
2013,Ivory Coast,96,70.23
2013,Liberia,97,70.11
2013,Mongolia,98,70.07
2013,Mali,99,69.97
2013,Georgia,100,69.91
2013,Lebanon,101,69.85
2013,Albania,102,69.12
2013,Maldives,103,68.9
2013,Uganda,104,68.31
2013,Peru,105,68.13
2013,Kyrgyzstan,106,67.8
2013,Fiji,107,67.31
2013,Brazil,108,67.25
2013,Bolivia,109,67.2
2013,Qatar,110,67.14
2013,Panama,111,67.05
2013,Israel,112,67.03
2013,Montenegro,113,67.03
2013,United Arab Emirates,114,66.51
2013,Nigeria,115,65.89
2013,North Macedonia,116,65.73
2013,Venezuela,117,65.56
2013,Nepal,118,65.39
2013,Ecuador,119,65.31
2013,Cameroon,120,65.22
2013,Chad,121,65.13
2013,Brunei,122,64.55
2013,Tajikistan,123,64.29
2013,South Sudan,124,63.8
2013,Algeria,125,63.46
2013,Ukraine,126,63.21
2013,Honduras,127,63.08
2013,Afghanistan,128,62.64
2013,Colombia,129,62.52
2013,Angola,130,62.2
2013,Libya,131,62.14
2013,Burundi,132,61.98
2013,Zimbabwe,133,61.88
2013,Jordan,134,61.53
2013,Thailand,135,61.4
2013,Morocco / Western Sahara,136,60.96
2013,Ethiopia,137,60.43
2013,Tunisia,138,60.07
2013,Indonesia,139,58.95
2013,India,140,58.78
2013,Oman,141,58.49
2013,Democratic Republic of Congo,142,58.34
2013,Cambodia,143,58.19
2013,Bangladesh,144,57.99
2013,Malaysia,145,57.27
2013,Palestine,146,56.91
2013,Philippines,147,56.89
2013,Russia,148,56.58
2013,Singapore,149,56.57
2013,Iraq,150,55.33
2013,Myanmar,151,55.29
2013,Gambia,152,54.91
2013,Mexico,153,54.7
2013,Türkiye,154,53.44
2013,Eswatini,155,53.24
2013,Azerbaijan,156,52.27
2013,Belarus,157,51.65
2013,Egypt,158,51.34
2013,Pakistan,159,48.69
2013,Kazakhstan,160,44.92
2013,Rwanda,161,44.54
2013,Sri Lanka,162,43.41
2013,Saudi Arabia,163,43.12
2013,Uzbekistan,164,39.61
2013,Bahrain,165,37.25
2013,Equatorial Guinea,166,32.8
2013,Djibouti,167,32.6
2013,Laos,168,32.01
2013,Yemen,169,30.78
2013,Sudan,170,29.94
2013,Cuba,171,28.36
2013,Vietnam,172,28.22
2013,China,173,26.93
2013,Iran,174,26.6
2013,Somalia,175,26.41
2013,Syria,176,21.47
2013,Turkmenistan,177,20.86
2013,North Korea,178,16.1
2013,Eritrea,179,15.17
